Acer Capillipes,0.000977,0.030273,0.009766,0,0.10352,0.004883,0,0.080078,0.039062,0,0,0.060547,0.017578,0.018555,0,0.000977,0.041016,0.000977,0.00293,0.03418,0,0.00293,0.040039,0,0,0.001953,0.001953,0.001953,0.035156,0.020508,0.040039,0,0.000977,0.000977,0.019531,0,0,0.009766,0,0.001953,0,0.001953,0.000977,0.003906,0.032227,0.008789,0.032227,0.084961,0.006836,0.03418,0,0,0,0.011719,0.094727,0,0.016602,0,0.018555,0,0,0.000977,0.02832,0
Acer Capillipes,0.004883,0.061523,0.021484,0.000977,0.045898,0.005859,0.006836,0.070312,0.064453,0.000977,0,0.003906,0.023438,0.012695,0,0.004883,0.078125,0,0.004883,0.045898,0,0,0.020508,0.000977,0.000977,0,0.023438,0.005859,0.044922,0.016602,0.041016,0,0,0.011719,0.020508,0,0,0.018555,0.015625,0.004883,0.004883,0.007812,0.025391,0.03418,0.005859,0.016602,0.036133,0.043945,0.006836,0.014648,0,0,0.001953,0.008789,0.032227,0,0.00293,0,0.018555,0,0,0,0.036133,0.020508
Acer Capillipes,0,0.048828,0.020508,0,0.083008,0.004883,0.000977,0.080078,0.050781,0,0,0.082031,0.013672,0.016602,0,0.001953,0.046875,0,0.001953,0.05957,0,0.00293,0.042969,0.000977,0,0,0,0.001953,0.05957,0.037109,0.044922,0,0,0.00293,0.025391,0,0,0.00293,0,0,0,0.00293,0,0,0.017578,0.005859,0.022461,0.079102,0.007812,0.052734,0,0.001953,0.000977,0.008789,0.022461,0,0.00293,0,0.018555,0,0,0,0.022461,0
Acer Capillipes,0,0.060547,0.03125,0,0.10449,0.015625,0,0.097656,0.035156,0,0,0.004883,0.018555,0.011719,0,0,0.10254,0.010742,0,0.06543,0,0,0.05957,0,0,0,0.001953,0.003906,0,0.017578,0.006836,0,0,0.00293,0.024414,0,0,0.009766,0,0,0.000977,0.001953,0,0.018555,0.024414,0.017578,0.011719,0.087891,0.001953,0.006836,0,0,0,0,0.10645,0,0.011719,0,0.006836,0,0,0,0.016602,0.000977
Acer Capillipes,0,0.058594,0.017578,0,0.099609,0.015625,0,0.097656,0.03125,0,0,0.009766,0.017578,0.017578,0,0,0.094727,0.003906,0,0.06543,0,0,0.047852,0,0,0,0.000977,0.004883,0.008789,0.029297,0.022461,0,0,0,0.033203,0,0,0.012695,0,0,0,0.00293,0.000977,0.033203,0.019531,0.025391,0.018555,0.063477,0.003906,0.00293,0,0,0,0,0.09668,0,0.008789,0,0.011719,0,0,0,0.021484,0.000977
Acer Capillipes,0,0.056641,0.015625,0,0.086914,0.004883,0,0.084961,0.066406,0,0,0.035156,0.021484,0.020508,0,0.007812,0.046875,0.000977,0,0.06543,0,0.000977,0.037109,0,0,0,0,0.00293,0.056641,0.025391,0.014648,0,0,0.000977,0.024414,0,0,0.00293,0,0.000977,0,0.005859,0,0.000977,0.024414,0.003906,0.011719,0.10254,0.00293,0.049805,0,0.010742,0,0,0.05957,0,0.005859,0,0.020508,0,0,0,0.020508,0
Acer Capillipes,0.005859,0.036133,0.021484,0,0.048828,0.008789,0.009766,0.076172,0.041992,0.000977,0,0.001953,0.015625,0.017578,0,0.001953,0.03125,0.000977,0.004883,0.040039,0,0.001953,0.037109,0.001953,0.001953,0,0.005859,0.007812,0.057617,0.021484,0.040039,0,0,0.036133,0.022461,0,0,0.023438,0.00293,0.003906,0,0.003906,0.004883,0.035156,0.020508,0.06543,0.027344,0.02832,0.006836,0.050781,0,0,0,0.004883,0.037109,0,0.011719,0,0.019531,0,0,0,0.029297,0.025391
Acer Capillipes,0.001953,0.057617,0.011719,0,0.11133,0.018555,0.001953,0.080078,0.027344,0,0,0.022461,0.024414,0.015625,0,0,0.088867,0,0,0.042969,0,0,0.041992,0,0,0,0,0,0.036133,0.032227,0.046875,0,0,0.006836,0.012695,0,0,0.019531,0,0,0,0.003906,0.001953,0.000977,0.026367,0.013672,0.023438,0.09375,0.003906,0.020508,0,0.003906,0,0,0.052734,0,0.007812,0,0.009766,0,0,0,0.030273,0.005859
Acer Capillipes,0,0.058594,0.016602,0,0.14258,0.005859,0,0.10547,0.039062,0,0.00293,0.041016,0.009766,0.042969,0,0,0.081055,0,0,0.054688,0,0.001953,0.057617,0,0,0,0,0,0.02832,0.021484,0.018555,0,0,0.00293,0.025391,0,0,0.007812,0,0.000977,0,0.000977,0,0,0.024414,0.00293,0.017578,0.067383,0.005859,0.03418,0.001953,0,0,0,0.037109,0,0.009766,0,0.019531,0,0,0,0.012695,0
Acer Capillipes,0.005859,0.053711,0.018555,0.009766,0.03418,0.009766,0.006836,0.079102,0.057617,0.003906,0.001953,0,0.010742,0.013672,0,0,0.12012,0.001953,0.001953,0.070312,0,0,0.042969,0.005859,0.001953,0.000977,0.010742,0.006836,0.027344,0.029297,0.011719,0,0,0.006836,0.026367,0,0,0.018555,0.023438,0.011719,0.00293,0.001953,0.024414,0.027344,0.021484,0.026367,0.036133,0.017578,0.009766,0.008789,0,0,0.001953,0.001953,0.010742,0,0.008789,0,0.026367,0,0,0.001953,0.022461,0.024414
Acer Capillipes,0.005859,0.063477,0.019531,0.000977,0.037109,0.005859,0.004883,0.070312,0.058594,0,0.00293,0.022461,0.007812,0.027344,0,0.000977,0.053711,0,0,0.042969,0,0.019531,0.024414,0,0.012695,0,0.006836,0.007812,0.056641,0.035156,0.020508,0,0,0.005859,0.029297,0,0.000977,0.015625,0.009766,0.006836,0.001953,0.004883,0.010742,0.005859,0.007812,0.027344,0.038086,0.041016,0.011719,0.075195,0,0.008789,0,0.000977,0.014648,0,0.007812,0,0.02832,0,0,0,0.015625,0.022461
Acer Capillipes,0.000977,0.037109,0.015625,0,0.11426,0.004883,0.001953,0.075195,0.022461,0,0,0.052734,0.006836,0.019531,0,0.001953,0.035156,0.001953,0,0.033203,0,0.001953,0.051758,0,0,0,0,0.007812,0.057617,0.019531,0.043945,0,0,0.005859,0.014648,0,0,0.009766,0,0.000977,0,0.00293,0,0.001953,0.039062,0.007812,0.013672,0.075195,0.006836,0.043945,0,0.005859,0,0.000977,0.10254,0,0.011719,0,0.021484,0,0,0,0.023438,0.004883
Acer Capillipes,0,0.046875,0.011719,0,0.10156,0.007812,0.00293,0.073242,0.029297,0,0,0.045898,0.018555,0.014648,0,0.00293,0.078125,0,0,0.048828,0,0.001953,0.041016,0,0,0,0.00293,0.005859,0.038086,0.016602,0.043945,0,0,0.001953,0.018555,0,0,0.009766,0,0.00293,0,0.004883,0.001953,0.020508,0.033203,0.006836,0.020508,0.056641,0.000977,0.017578,0,0,0,0,0.10645,0,0.012695,0,0.012695,0,0,0,0.037109,0.001953
Acer Capillipes,0.000977,0.074219,0.016602,0,0.125,0.011719,0.00293,0.11231,0.035156,0,0,0.001953,0.014648,0.005859,0,0,0.078125,0.015625,0,0.060547,0,0,0.085938,0,0.000977,0,0.000977,0.009766,0.00293,0.027344,0.007812,0,0,0.014648,0.015625,0,0,0.020508,0,0,0,0.001953,0.000977,0.009766,0.061523,0.035156,0.016602,0.035156,0.001953,0.004883,0,0,0,0,0.051758,0,0.022461,0,0.007812,0,0,0,0.006836,0.000977
Acer Capillipes,0.004883,0.057617,0.022461,0.006836,0.047852,0.005859,0.012695,0.074219,0.032227,0.004883,0.008789,0.000977,0.010742,0.025391,0,0.000977,0.11133,0.00293,0.00293,0.060547,0,0.00293,0.021484,0,0.003906,0,0.005859,0.003906,0.039062,0.019531,0.033203,0,0.000977,0.001953,0.016602,0,0,0.009766,0.008789,0.007812,0,0.001953,0.012695,0.017578,0.015625,0.014648,0.035156,0.043945,0.004883,0.047852,0,0,0.00293,0.003906,0.029297,0,0.000977,0.001953,0.026367,0,0,0.001953,0.039062,0.029297
Acer Capillipes,0,0.036133,0.010742,0,0.13379,0.005859,0.000977,0.11133,0.030273,0,0,0.060547,0.014648,0.025391,0,0,0.055664,0.000977,0,0.047852,0,0.00293,0.077148,0,0,0,0,0.001953,0.050781,0.024414,0.041016,0,0,0.004883,0.025391,0,0,0.019531,0,0,0,0.000977,0,0,0.03125,0.008789,0.021484,0.066406,0.005859,0.020508,0,0.000977,0,0,0.033203,0,0.006836,0,0.009766,0,0,0,0.010742,0.000977
Betula Austrosinensis,0.010742,0,0.007812,0.008789,0.063477,0.000977,0.03125,0.015625,0.001953,0.004883,0.009766,0.035156,0.001953,0.026367,0,0,0,0,0.054688,0.010742,0,0.015625,0.007812,0,0,0.026367,0.010742,0.003906,0.011719,0.004883,0.051758,0,0,0.02832,0.004883,0,0.000977,0.036133,0.010742,0.027344,0,0.00293,0.006836,0.009766,0.013672,0.021484,0.026367,0.048828,0.016602,0.013672,0,0.006836,0.008789,0.095703,0.089844,0,0.007812,0.005859,0.011719,0,0,0.05957,0.022461,0.005859
Betula Austrosinensis,0.006836,0.003906,0.011719,0.00293,0.084961,0,0.015625,0.047852,0.00293,0,0.050781,0.00293,0.010742,0.021484,0,0.014648,0.001953,0,0.003906,0.006836,0,0.053711,0.008789,0,0,0,0.000977,0.005859,0.052734,0.012695,0.0625,0.008789,0,0.014648,0.008789,0.000977,0,0.02832,0,0.000977,0,0.008789,0.004883,0.005859,0.010742,0.02832,0.063477,0.042969,0.021484,0.046875,0.041016,0.030273,0.000977,0.038086,0.063477,0.003906,0.000977,0,0.025391,0,0,0.007812,0.003906,0.000977
Betula Austrosinensis,0,0,0.008789,0.015625,0.081055,0,0.020508,0.023438,0.00293,0,0.058594,0.019531,0.00293,0.008789,0,0.018555,0,0,0.03125,0.007812,0,0.018555,0.00293,0,0,0.018555,0.011719,0.003906,0.033203,0.009766,0.036133,0.004883,0,0.02832,0.008789,0,0,0.038086,0.011719,0.004883,0,0.008789,0.012695,0.037109,0.00293,0.027344,0.038086,0.043945,0.010742,0.026367,0.023438,0.027344,0.004883,0.067383,0.077148,0,0.004883,0.000977,0.017578,0,0,0.029297,0.006836,0.000977
Betula Austrosinensis,0.003906,0.000977,0.007812,0.001953,0.066406,0,0.025391,0.02832,0.001953,0,0.10156,0.000977,0.005859,0.013672,0,0,0.000977,0.00293,0.032227,0.011719,0,0.033203,0.006836,0.000977,0.000977,0.013672,0.000977,0,0.03418,0.009766,0.056641,0.014648,0,0.022461,0.005859,0,0,0.029297,0.001953,0.004883,0,0.001953,0.008789,0.001953,0.011719,0.048828,0.038086,0.023438,0.017578,0.023438,0.0625,0.037109,0.009766,0.049805,0.021484,0.004883,0.004883,0.007812,0.025391,0,0,0.049805,0.004883,0.00293
Betula Austrosinensis,0,0.00293,0.022461,0,0.078125,0.000977,0.015625,0.052734,0.000977,0,0.053711,0.004883,0.004883,0.023438,0,0.004883,0.000977,0,0.00293,0.014648,0,0.060547,0.013672,0,0.001953,0.001953,0,0.018555,0.050781,0.005859,0.054688,0.011719,0,0.008789,0.013672,0,0,0.042969,0,0.001953,0,0.005859,0.000977,0,0.008789,0.036133,0.041992,0.025391,0.015625,0.064453,0.080078,0.029297,0.001953,0.027344,0.013672,0.003906,0.014648,0.003906,0.036133,0,0,0.012695,0.005859,0
Betula Austrosinensis,0.008789,0,0.008789,0.001953,0.066406,0,0.029297,0.030273,0.003906,0,0.085938,0.02832,0.001953,0.029297,0,0,0.000977,0,0.038086,0.009766,0,0.041016,0,0,0,0.029297,0.000977,0.003906,0.012695,0.004883,0.043945,0.007812,0,0.014648,0.005859,0,0,0.043945,0.005859,0.018555,0,0,0.007812,0.001953,0.001953,0.019531,0.024414,0.050781,0.008789,0.017578,0.02832,0.012695,0.004883,0.083984,0.064453,0.001953,0.004883,0.007812,0.011719,0,0,0.058594,0.005859,0.004883
Betula Austrosinensis,0.006836,0,0.004883,0.00293,0.084961,0.003906,0.035156,0.02832,0.003906,0,0.10547,0.011719,0.001953,0.030273,0,0,0,0,0.017578,0.004883,0,0.02832,0.00293,0.000977,0,0.010742,0,0,0.008789,0.006836,0.030273,0.03125,0,0.019531,0.007812,0,0,0.037109,0.001953,0.00293,0,0,0.001953,0,0,0.030273,0.038086,0.0625,0.019531,0.010742,0.12109,0.004883,0.003906,0.061523,0.03418,0.001953,0.003906,0.004883,0.016602,0,0,0.049805,0,0.001953
Betula Austrosinensis,0.000977,0,0.005859,0.000977,0.081055,0.003906,0.025391,0.026367,0.005859,0,0.1416,0.023438,0.001953,0.043945,0,0,0.000977,0,0.016602,0.015625,0,0.03125,0.001953,0,0,0.012695,0.000977,0.00293,0.015625,0.005859,0.050781,0.007812,0,0.020508,0.006836,0,0,0.060547,0,0.006836,0,0,0.003906,0.000977,0.000977,0.027344,0.038086,0.029297,0.015625,0.014648,0.054688,0.000977,0.007812,0.054688,0.050781,0,0.000977,0.005859,0.020508,0,0,0.052734,0,0.000977
Betula Austrosinensis,0.005859,0.003906,0.007812,0.000977,0.054688,0,0.016602,0.038086,0.016602,0,0.11426,0.006836,0,0.043945,0,0,0.000977,0,0.020508,0.013672,0,0.025391,0.000977,0.001953,0,0.004883,0,0.015625,0.025391,0.003906,0.075195,0.009766,0,0.012695,0.006836,0,0,0.040039,0.003906,0.004883,0,0,0.00293,0.003906,0.00293,0.066406,0.030273,0.064453,0.022461,0.017578,0.042969,0,0.007812,0.061523,0.024414,0,0.005859,0.003906,0.024414,0,0,0.041016,0,0.000977
Betula Austrosinensis,0.000977,0.001953,0.005859,0.007812,0.06543,0.00293,0.035156,0.014648,0.003906,0.000977,0.012695,0.041016,0.007812,0.029297,0,0,0,0,0.043945,0.006836,0,0.014648,0.025391,0,0.000977,0.004883,0.003906,0.001953,0.02832,0.006836,0.097656,0,0,0.020508,0.015625,0,0,0.041016,0.010742,0.014648,0,0.00293,0.008789,0.010742,0.017578,0.010742,0.040039,0.053711,0.012695,0.027344,0,0.011719,0.00293,0.10449,0.071289,0,0.013672,0.000977,0.014648,0,0,0.011719,0.014648,0.000977
Betula Austrosinensis,0,0,0.003906,0.021484,0.06543,0.000977,0.023438,0.012695,0.003906,0.001953,0.058594,0.012695,0.005859,0.025391,0,0.006836,0.000977,0,0.02832,0.00293,0,0.011719,0.004883,0.001953,0,0.010742,0.041016,0.000977,0.036133,0.005859,0.079102,0.003906,0,0.006836,0.001953,0,0,0.038086,0.012695,0.008789,0,0.005859,0.023438,0.078125,0.007812,0.007812,0.040039,0.022461,0.012695,0.03418,0,0.010742,0.007812,0.087891,0.063477,0,0.003906,0.001953,0.007812,0,0,0.03125,0.008789,0.003906
Betula Austrosinensis,0,0.000977,0.007812,0.003906,0.037109,0.00293,0.018555,0.024414,0.006836,0,0.088867,0,0.005859,0.026367,0,0,0.001953,0,0.019531,0.005859,0,0.03125,0.008789,0.001953,0.004883,0.005859,0.030273,0.007812,0.066406,0.011719,0.073242,0,0,0.012695,0.000977,0,0,0.03125,0.008789,0.010742,0.001953,0.000977,0.020508,0.06543,0.011719,0.052734,0.032227,0.011719,0.011719,0.044922,0.018555,0.000977,0.005859,0.055664,0.018555,0,0.011719,0.00293,0.018555,0,0,0.022461,0.016602,0.016602
Betula Austrosinensis,0.009766,0,0.004883,0.004883,0.079102,0.000977,0.013672,0.035156,0.00293,0,0.091797,0.009766,0.003906,0.023438,0,0.00293,0,0,0.033203,0.003906,0,0.021484,0.008789,0.000977,0.001953,0.02832,0.003906,0.008789,0.038086,0.005859,0.058594,0.004883,0,0.009766,0.003906,0,0,0.042969,0.008789,0.008789,0,0.005859,0.005859,0.005859,0.011719,0.032227,0.038086,0.055664,0.016602,0.048828,0.00293,0.021484,0.010742,0.066406,0.038086,0,0.006836,0.001953,0.012695,0,0,0.033203,0.005859,0.00293
Betula Austrosinensis,0.000977,0,0.001953,0.03418,0.010742,0.003906,0.016602,0.003906,0.005859,0.017578,0.054688,0,0.001953,0.015625,0,0.000977,0.000977,0,0.045898,0.003906,0,0.021484,0.003906,0.000977,0.000977,0.049805,0.064453,0.00293,0.019531,0.000977,0.045898,0,0.008789,0.00293,0.008789,0,0.003906,0.010742,0.038086,0.011719,0.097656,0.00293,0.035156,0.049805,0.009766,0.008789,0.025391,0.000977,0.013672,0.022461,0.020508,0.007812,0.029297,0.048828,0.011719,0,0.001953,0.008789,0.008789,0,0,0.054688,0.016602,0.008789
Betula Austrosinensis,0.001953,0,0.001953,0.023438,0.017578,0.001953,0.013672,0.010742,0.007812,0.016602,0.013672,0,0.00293,0.017578,0,0,0.000977,0.000977,0.066406,0.005859,0,0.017578,0.007812,0.004883,0.004883,0.072266,0.057617,0.016602,0.011719,0.008789,0.029297,0,0.006836,0.010742,0.004883,0,0.003906,0.020508,0.03418,0.015625,0.02832,0,0.014648,0.10547,0.009766,0.02832,0.026367,0.006836,0.016602,0.010742,0.000977,0.001953,0.009766,0.072266,0.02832,0,0.008789,0.003906,0.019531,0,0,0.044922,0.008789,0.021484
Betula Austrosinensis,0.00293,0.000977,0.006836,0.009766,0.068359,0,0.024414,0.019531,0.001953,0,0.042969,0.016602,0.003906,0.022461,0,0.005859,0,0,0.019531,0.006836,0,0.017578,0.005859,0,0,0.005859,0.004883,0.014648,0.03125,0.013672,0.085938,0.010742,0,0.023438,0.012695,0,0,0.038086,0.003906,0.000977,0,0.017578,0.013672,0.008789,0.008789,0.013672,0.041016,0.069336,0.015625,0.017578,0.012695,0.046875,0.004883,0.076172,0.092773,0,0.001953,0.001953,0.004883,0,0,0.016602,0.010742,0.001953
Castanea Sativa,0.027344,0,0.008789,0.011719,0.03418,0.000977,0.007812,0.011719,0.017578,0.03418,0.003906,0.021484,0.000977,0.025391,0,0,0,0,0.026367,0.015625,0,0.022461,0.00293,0.005859,0.003906,0.006836,0.053711,0.005859,0.00293,0.003906,0.010742,0,0.015625,0.084961,0.001953,0,0.004883,0.032227,0.024414,0.027344,0.023438,0,0.017578,0.05957,0.000977,0.041992,0.007812,0.018555,0.012695,0.006836,0.001953,0,0.00293,0.027344,0.16309,0,0.003906,0.00293,0.013672,0,0,0.006836,0,0.029297
Castanea Sativa,0.038086,0.001953,0.004883,0.009766,0.048828,0,0.025391,0.015625,0.007812,0.032227,0.015625,0.064453,0.000977,0.025391,0.000977,0,0.000977,0,0.019531,0.010742,0,0.023438,0.000977,0.005859,0.032227,0.009766,0.037109,0.007812,0.004883,0.011719,0.007812,0.001953,0.003906,0.046875,0.005859,0,0.007812,0.029297,0.025391,0.02832,0.012695,0,0.016602,0.042969,0.000977,0.044922,0.011719,0.02832,0.013672,0.013672,0.005859,0.007812,0.011719,0.013672,0.10547,0,0.001953,0.001953,0.016602,0,0,0.008789,0,0.026367
Castanea Sativa,0.02832,0.001953,0.009766,0.009766,0.044922,0,0.016602,0.02832,0.004883,0.032227,0.023438,0.013672,0.000977,0.016602,0,0,0,0,0.027344,0.003906,0,0.012695,0,0.014648,0.013672,0.029297,0.030273,0.023438,0.00293,0.017578,0.001953,0.005859,0.026367,0.041016,0.011719,0,0.007812,0.046875,0.017578,0.029297,0.006836,0,0.038086,0.029297,0,0.057617,0.011719,0.03125,0.018555,0.009766,0.001953,0.03418,0.006836,0.017578,0.054688,0,0.003906,0.000977,0.015625,0.000977,0,0.021484,0.000977,0.041992
Castanea Sativa,0.027344,0.001953,0.009766,0.032227,0.013672,0,0.025391,0.007812,0.00293,0.082031,0.003906,0.000977,0.016602,0.027344,0,0.024414,0,0.007812,0.037109,0.007812,0.001953,0.006836,0,0.018555,0.020508,0.001953,0.036133,0.007812,0.010742,0.033203,0.014648,0,0.005859,0.014648,0.023438,0,0.003906,0.017578,0.046875,0.092773,0.003906,0.014648,0.02832,0.016602,0.006836,0.017578,0.017578,0.003906,0.022461,0.016602,0,0.041016,0.009766,0.017578,0.022461,0,0.008789,0.000977,0.013672,0,0.001953,0.005859,0.008789,0.03418
Castanea Sativa,0.008789,0.001953,0.017578,0.011719,0.03418,0,0.006836,0.035156,0,0.000977,0.085938,0,0.013672,0.008789,0.005859,0.006836,0,0.00293,0.013672,0.008789,0.001953,0.010742,0.000977,0.029297,0.008789,0.041992,0.00293,0.006836,0.008789,0.006836,0.009766,0.03125,0,0.015625,0.009766,0.017578,0.001953,0.027344,0.010742,0.019531,0,0.018555,0.012695,0.001953,0.00293,0.016602,0.03418,0.001953,0.025391,0.000977,0.084961,0.025391,0.023438,0.019531,0.014648,0.019531,0.003906,0.038086,0.017578,0,0.019531,0.077148,0.00293,0.011719
Castanea Sativa,0.013672,0.003906,0.00293,0.016602,0.030273,0,0.010742,0.013672,0.000977,0.022461,0.044922,0.009766,0.003906,0.006836,0,0,0,0.00293,0.02832,0.003906,0,0.016602,0.001953,0.021484,0.018555,0.040039,0.038086,0.00293,0.003906,0.005859,0.005859,0.009766,0.004883,0.056641,0.005859,0.008789,0.012695,0.026367,0.017578,0.043945,0.005859,0.006836,0.023438,0.018555,0.006836,0.021484,0.03125,0.010742,0.024414,0.003906,0.023438,0.032227,0.022461,0.025391,0.079102,0,0.004883,0.013672,0.011719,0,0,0.052734,0,0.023438
Castanea Sativa,0.025391,0,0.007812,0.019531,0.006836,0,0.005859,0.003906,0.008789,0.045898,0.014648,0.010742,0.000977,0.015625,0,0,0,0.001953,0.023438,0.007812,0,0.009766,0,0.005859,0.012695,0.024414,0.094727,0.001953,0.003906,0.004883,0.003906,0.018555,0.02832,0.071289,0.007812,0,0.026367,0.016602,0.041992,0.021484,0.033203,0,0.021484,0.089844,0,0.035156,0.004883,0.021484,0.010742,0.00293,0.009766,0.010742,0.008789,0.008789,0.09082,0.000977,0.000977,0.003906,0.011719,0,0,0.017578,0,0.022461
Castanea Sativa,0.035156,0,0.010742,0.019531,0.042969,0,0.014648,0.004883,0,0.017578,0.005859,0.005859,0.010742,0.005859,0,0.003906,0,0.000977,0.038086,0.00293,0,0.000977,0,0.000977,0.016602,0.005859,0.073242,0.008789,0.000977,0.008789,0.001953,0.012695,0.008789,0.051758,0.013672,0.013672,0.001953,0.023438,0.040039,0.037109,0.015625,0.013672,0.03125,0.077148,0.001953,0.067383,0.006836,0.024414,0.011719,0.004883,0,0.013672,0.005859,0.007812,0.085938,0.000977,0.000977,0.000977,0.006836,0,0.019531,0.001953,0.004883,0.054688
Castanea Sativa,0.015625,0,0.010742,0.024414,0.018555,0,0.008789,0.010742,0.000977,0.055664,0.009766,0,0.00293,0.010742,0.009766,0,0,0,0.041992,0.007812,0,0.009766,0,0.018555,0.024414,0.046875,0.03418,0.008789,0.001953,0.010742,0.00293,0.019531,0.049805,0.033203,0.012695,0.016602,0.040039,0.023438,0.010742,0.038086,0.011719,0,0.026367,0.021484,0.004883,0.019531,0.008789,0.005859,0.026367,0.004883,0.016602,0.018555,0.022461,0.018555,0.040039,0.00293,0.005859,0.009766,0.007812,0.011719,0,0.03418,0.001953,0.048828
Castanea Sativa,0.025391,0.000977,0.003906,0.037109,0.007812,0,0.017578,0.006836,0.001953,0.051758,0.016602,0,0,0.013672,0.00293,0,0,0,0.047852,0.00293,0,0.015625,0,0.009766,0.022461,0.048828,0.06543,0.003906,0.004883,0.006836,0,0.005859,0.033203,0.032227,0.005859,0.004883,0.032227,0.027344,0.042969,0.05957,0.005859,0,0.035156,0.03125,0.001953,0.024414,0.007812,0,0.015625,0.001953,0.016602,0.023438,0.025391,0.019531,0.009766,0,0.011719,0.005859,0.010742,0.003906,0,0.026367,0,0.063477
Castanea Sativa,0.00293,0.000977,0.001953,0.023438,0.010742,0,0.019531,0.008789,0.001953,0.009766,0.10254,0,0.001953,0.005859,0.005859,0,0,0,0.047852,0.005859,0,0.025391,0,0.001953,0.000977,0.063477,0.013672,0,0.003906,0.005859,0.000977,0.022461,0.006836,0.026367,0,0.040039,0.009766,0.026367,0.016602,0.017578,0,0.005859,0.018555,0.011719,0.000977,0.010742,0.025391,0,0.019531,0.004883,0.077148,0.036133,0.037109,0.040039,0.012695,0.015625,0.00293,0.036133,0.013672,0,0,0.089844,0,0.008789
Castanea Sativa,0.033203,0,0.019531,0.004883,0.025391,0,0.033203,0.046875,0.009766,0.007812,0.015625,0.00293,0.006836,0.02832,0,0,0,0.009766,0.027344,0.011719,0,0.016602,0.000977,0.008789,0.013672,0.007812,0.005859,0.045898,0.011719,0.011719,0.009766,0.008789,0.000977,0.051758,0.013672,0.005859,0.000977,0.072266,0.010742,0.024414,0,0.000977,0.014648,0.006836,0.005859,0.09668,0.015625,0.025391,0.019531,0.009766,0.000977,0.049805,0.00293,0.023438,0.02832,0,0.033203,0.001953,0.013672,0,0,0.013672,0.001953,0.029297
Castanea Sativa,0.041016,0,0.010742,0.00293,0.03125,0,0.007812,0.009766,0.00293,0.019531,0.008789,0.087891,0.00293,0.014648,0,0,0,0,0.032227,0.005859,0,0.009766,0,0.001953,0.007812,0.001953,0.036133,0,0.000977,0.021484,0.008789,0.009766,0,0.064453,0.014648,0.018555,0,0.009766,0.016602,0.03418,0.009766,0.000977,0.00293,0.056641,0.001953,0.023438,0.008789,0.036133,0.020508,0.006836,0.003906,0.037109,0.00293,0.005859,0.21777,0,0.00293,0.000977,0.007812,0,0,0.005859,0.000977,0.010742
Castanea Sativa,0.035156,0,0.004883,0.016602,0.008789,0,0.015625,0.005859,0,0.054688,0.026367,0,0.000977,0.009766,0.009766,0,0,0,0.043945,0.00293,0,0.027344,0.000977,0.001953,0.001953,0.058594,0.052734,0,0.007812,0.001953,0.00293,0.022461,0.041016,0.068359,0.003906,0.006836,0.068359,0.020508,0.02832,0.023438,0.004883,0,0.001953,0.040039,0.001953,0.021484,0.009766,0.00293,0.006836,0.012695,0.039062,0.009766,0.017578,0.011719,0.022461,0.001953,0.000977,0.005859,0.008789,0.011719,0,0.071289,0,0.021484
Castanea Sativa,0.011719,0.001953,0.018555,0.006836,0.055664,0,0.003906,0.017578,0.010742,0.019531,0.001953,0.020508,0,0.032227,0,0,0,0,0.011719,0.012695,0,0.02832,0.000977,0.001953,0.007812,0.015625,0.044922,0.019531,0.006836,0.004883,0.00293,0.007812,0.003906,0.10156,0.008789,0,0.003906,0.027344,0.017578,0.016602,0,0,0.008789,0.054688,0,0.079102,0.012695,0.057617,0.008789,0.005859,0,0.00293,0.003906,0.004883,0.14844,0,0.010742,0,0.029297,0,0,0.005859,0,0.019531
Castanea Sativa,0.029297,0,0.012695,0.011719,0.036133,0,0.033203,0.004883,0,0.018555,0.006836,0.017578,0.004883,0.011719,0,0.00293,0,0.005859,0.058594,0.005859,0,0.000977,0,0.001953,0.006836,0.006836,0.035156,0.008789,0.003906,0.018555,0.000977,0.024414,0.00293,0.055664,0.015625,0.021484,0.001953,0.043945,0.040039,0.050781,0.00293,0.007812,0.006836,0.025391,0.00293,0.043945,0.008789,0.042969,0.015625,0.00293,0.00293,0.02832,0.001953,0.009766,0.125,0.00293,0.011719,0.000977,0.00293,0,0.00293,0.005859,0.001953,0.041016
Cytisus Battandieri,0.000977,0.015625,0.001953,0.014648,0.001953,0.043945,0,0.00293,0.027344,0.001953,0.016602,0,0.011719,0,0,0,0.042969,0,0.019531,0.008789,0,0,0.016602,0.038086,0.006836,0.11035,0.000977,0,0.045898,0.011719,0.046875,0,0.035156,0.000977,0.001953,0,0.11523,0.003906,0.00293,0.009766,0,0,0,0,0.00293,0,0.007812,0,0.026367,0.018555,0,0,0.095703,0.033203,0,0,0.000977,0.067383,0.045898,0.006836,0,0.033203,0,0.00293
Cytisus Battandieri,0,0,0,0.001953,0,0.038086,0,0,0.042969,0,0.079102,0,0.004883,0.006836,0.005859,0,0.00293,0,0.007812,0,0,0.022461,0,0.015625,0,0.13086,0,0,0.02832,0.000977,0.017578,0,0.00293,0,0,0,0.078125,0,0,0,0,0.001953,0,0,0,0,0,0,0.040039,0.045898,0.005859,0,0.035156,0.004883,0,0,0,0.11523,0.005859,0.13965,0,0.11816,0,0
Cytisus Battandieri,0,0.004883,0,0.012695,0,0.02832,0,0,0.051758,0,0.053711,0,0,0.012695,0.010742,0,0.012695,0,0.012695,0.000977,0,0.013672,0.00293,0.013672,0.000977,0.11621,0,0,0.046875,0.00293,0.022461,0.000977,0.014648,0,0,0,0.099609,0,0,0.003906,0,0,0.000977,0,0,0,0.00293,0,0.046875,0.025391,0.00293,0.000977,0.054688,0.010742,0,0,0,0.085938,0.019531,0.12695,0,0.082031,0,0
Cytisus Battandieri,0,0.001953,0,0,0,0.058594,0,0,0.013672,0,0.13965,0,0.000977,0.024414,0.044922,0,0.010742,0,0,0,0,0.026367,0,0.00293,0,0.049805,0,0,0.038086,0,0.013672,0,0,0,0,0,0.00293,0,0,0,0,0.018555,0,0,0,0,0,0,0.06543,0.056641,0.051758,0,0.008789,0.000977,0,0,0,0.13574,0.00293,0.073242,0,0.1377,0.019531,0
Cytisus Battandieri,0,0,0,0.00293,0,0.019531,0,0,0.026367,0,0.087891,0,0,0.005859,0.10059,0,0.005859,0,0.004883,0,0,0.010742,0,0.011719,0,0.072266,0,0,0.030273,0,0.008789,0,0.008789,0,0,0,0.081055,0,0,0,0,0.004883,0,0,0,0,0,0,0.046875,0.041992,0.03418,0,0.042969,0,0,0,0,0.14746,0.007812,0.12109,0,0.075195,0,0
Cytisus Battandieri,0.000977,0.000977,0,0.017578,0,0.055664,0,0.001953,0.026367,0.000977,0.041016,0,0.018555,0.006836,0,0,0.010742,0,0.006836,0.001953,0,0,0.010742,0.026367,0,0.12793,0.00293,0,0.049805,0.010742,0.02832,0,0.005859,0,0.000977,0,0.11426,0,0.004883,0.001953,0.00293,0.000977,0.00293,0,0.004883,0,0.007812,0,0.056641,0.017578,0.00293,0,0.066406,0.009766,0,0,0,0.09375,0.021484,0.080078,0,0.048828,0.005859,0.001953
Cytisus Battandieri,0.000977,0.053711,0.00293,0.037109,0,0.02832,0.007812,0.006836,0.03125,0.00293,0.010742,0,0.017578,0.000977,0.001953,0,0.080078,0.001953,0.033203,0.018555,0,0,0.0625,0.019531,0.012695,0.063477,0.00293,0.000977,0.024414,0.021484,0.040039,0,0.014648,0,0.003906,0,0.02832,0.00293,0.006836,0.014648,0,0,0.007812,0,0.016602,0,0.046875,0,0.027344,0.008789,0.000977,0,0.046875,0.033203,0,0,0.021484,0.021484,0.058594,0.026367,0,0.026367,0,0.000977
Cytisus Battandieri,0,0.000977,0,0,0,0.018555,0,0,0.041016,0,0.080078,0,0,0.001953,0.17188,0,0.007812,0,0,0,0,0.060547,0,0,0,0.018555,0,0,0.018555,0,0,0,0,0,0,0,0.00293,0,0,0,0,0.004883,0,0,0,0,0,0,0.049805,0.066406,0.086914,0,0.003906,0,0,0.003906,0,0.12891,0.003906,0.17676,0,0.051758,0,0
Cytisus Battandieri,0,0.000977,0,0,0,0.024414,0,0,0.022461,0,0.079102,0,0,0.015625,0.11621,0,0.004883,0,0.00293,0,0,0.054688,0,0.001953,0,0.042969,0,0,0.03125,0.000977,0.001953,0,0.000977,0,0,0,0.022461,0,0,0,0,0.003906,0,0,0,0,0,0,0.029297,0.070312,0.10742,0,0.029297,0.001953,0,0.007812,0,0.15527,0.005859,0.087891,0,0.076172,0.000977,0
Cytisus Battandieri,0,0.008789,0,0.029297,0,0.039062,0.00293,0,0.025391,0.017578,0.003906,0,0.016602,0,0.000977,0,0.022461,0,0.037109,0.00293,0,0,0.016602,0.042969,0.001953,0.12207,0,0,0.03418,0.022461,0.03418,0,0.047852,0,0.005859,0,0.13086,0,0.003906,0.022461,0.000977,0,0.000977,0,0.000977,0,0.006836,0,0.03125,0.015625,0,0,0.078125,0.035156,0,0,0.000977,0.041992,0.038086,0.021484,0,0.035156,0,0
Cytisus Battandieri,0,0.001953,0,0.000977,0,0.027344,0,0,0.033203,0,0.054688,0,0,0.010742,0.02832,0,0.003906,0,0.000977,0,0,0.019531,0.000977,0.005859,0,0.11621,0,0,0.03125,0.004883,0.008789,0,0.004883,0,0,0,0.12988,0,0,0,0,0,0,0,0,0,0,0,0.055664,0.013672,0.014648,0,0.021484,0.003906,0,0.000977,0,0.067383,0.020508,0.22168,0,0.095703,0,0
Cytisus Battandieri,0,0.006836,0,0.017578,0,0.044922,0.00293,0,0.036133,0.000977,0.042969,0,0.006836,0.001953,0,0,0.013672,0,0.022461,0.00293,0,0.003906,0.006836,0.033203,0.005859,0.12402,0,0,0.041016,0.012695,0.049805,0,0.032227,0,0.003906,0,0.15625,0,0,0.015625,0,0.001953,0,0,0.000977,0,0.000977,0,0.035156,0.039062,0.00293,0,0.05957,0.039062,0,0,0.000977,0.046875,0.026367,0.015625,0,0.043945,0.000977,0
Cytisus Battandieri,0,0.004883,0,0.001953,0,0.044922,0,0,0.042969,0.000977,0.13086,0,0.00293,0.014648,0.03418,0,0.008789,0,0.001953,0,0,0.010742,0.000977,0.003906,0,0.076172,0,0,0.025391,0.00293,0.013672,0,0.004883,0,0,0,0.019531,0,0,0,0,0.001953,0,0,0,0,0,0,0.050781,0.025391,0.032227,0,0.03418,0.001953,0,0,0,0.12109,0.006836,0.16406,0,0.11426,0,0
Cytisus Battandieri,0,0.000977,0,0.00293,0,0.0625,0,0,0.039062,0,0.12207,0,0.009766,0.011719,0.020508,0,0.003906,0,0.003906,0.00293,0,0.000977,0.00293,0.007812,0,0.083984,0,0,0.015625,0.009766,0.017578,0,0.001953,0,0.00293,0,0.045898,0,0,0.001953,0,0.000977,0,0,0,0,0,0,0.051758,0.035156,0.011719,0,0.022461,0.000977,0,0,0,0.12695,0.000977,0.1543,0,0.12305,0,0
Cytisus Battandieri,0,0.000977,0,0,0,0.048828,0,0,0.043945,0,0.089844,0,0.005859,0.03125,0.10645,0,0.014648,0,0,0,0,0.015625,0,0.001953,0,0.041016,0,0,0.046875,0,0.007812,0,0,0,0,0,0.014648,0,0,0,0,0.030273,0,0,0,0,0,0,0.072266,0.072266,0.051758,0,0.024414,0.00293,0,0,0,0.11426,0.017578,0.032227,0,0.088867,0.023438,0
Cytisus Battandieri,0,0,0,0,0,0.023438,0,0,0.010742,0,0.10156,0,0,0.046875,0.27441,0,0.000977,0,0,0,0,0.036133,0,0,0,0.003906,0,0,0,0,0.000977,0.00293,0,0,0,0,0,0,0,0,0,0.040039,0,0,0,0,0,0,0.037109,0.047852,0.15723,0,0,0,0,0.007812,0,0.073242,0,0.05957,0,0.045898,0.029297,0
Eucalyptus Glaucescens,0.13379,0.014648,0,0.020508,0.010742,0,0.083984,0.007812,0,0.053711,0,0,0,0,0,0,0.021484,0.004883,0.030273,0.006836,0,0,0.021484,0.009766,0.014648,0,0.045898,0.000977,0.006836,0,0.011719,0,0.00293,0.030273,0,0,0,0.037109,0.089844,0.071289,0.001953,0,0.021484,0.03125,0.023438,0.023438,0.030273,0.000977,0,0,0,0,0.010742,0.020508,0.018555,0,0.035156,0,0.012695,0,0,0,0,0.038086
Eucalyptus Glaucescens,0.073242,0.043945,0.00293,0.020508,0.013672,0,0.078125,0.032227,0,0.02832,0,0,0,0,0,0,0.015625,0,0.046875,0.018555,0,0,0.02832,0.000977,0.011719,0.000977,0.021484,0.004883,0,0,0,0,0.011719,0.074219,0,0,0.000977,0.071289,0.067383,0.075195,0,0,0.033203,0.014648,0.009766,0.048828,0.027344,0.001953,0,0,0,0,0,0.011719,0.016602,0,0.015625,0,0,0,0,0,0,0.077148
Eucalyptus Glaucescens,0.023438,0.001953,0.005859,0.033203,0.035156,0,0.033203,0.027344,0,0.00293,0.001953,0.077148,0,0,0,0,0,0.030273,0.09082,0.000977,0,0,0.027344,0.033203,0.017578,0.016602,0.011719,0.005859,0.003906,0,0.016602,0,0.005859,0.021484,0,0,0.001953,0.011719,0.023438,0.041992,0.000977,0,0.011719,0.006836,0.041016,0.014648,0.020508,0.021484,0.001953,0,0,0,0.036133,0.066406,0.075195,0,0.037109,0.016602,0.02832,0,0,0.003906,0,0.013672
Eucalyptus Glaucescens,0.083008,0.018555,0.004883,0.024414,0.025391,0,0.013672,0.036133,0.024414,0.051758,0,0.008789,0.001953,0,0,0,0.03125,0,0.021484,0.021484,0,0,0.009766,0,0.005859,0.000977,0.052734,0,0.007812,0.001953,0.010742,0,0.005859,0.092773,0.000977,0,0.001953,0.010742,0.079102,0.042969,0.001953,0,0.004883,0.072266,0.003906,0.056641,0.022461,0.009766,0,0,0,0,0.004883,0.010742,0.067383,0,0.001953,0,0.00293,0,0,0,0,0.048828
Eucalyptus Glaucescens,0.071289,0.006836,0.004883,0.022461,0.006836,0,0.054688,0.007812,0.005859,0.006836,0.001953,0.003906,0,0,0,0,0.006836,0.000977,0.070312,0.008789,0,0,0.021484,0.007812,0.014648,0.000977,0.025391,0.000977,0.029297,0,0.024414,0,0.003906,0.070312,0.000977,0,0,0.038086,0.064453,0.055664,0,0,0.016602,0.022461,0.025391,0.039062,0.019531,0.003906,0,0.004883,0,0,0.022461,0.057617,0.057617,0,0.02832,0,0.014648,0,0,0.006836,0,0.041992
Eucalyptus Glaucescens,0.000977,0.001953,0,0.045898,0,0,0.008789,0,0,0.064453,0.020508,0,0,0,0,0,0,0,0.12891,0,0,0.001953,0.006836,0.029297,0.008789,0.098633,0.000977,0,0.011719,0,0.043945,0,0.074219,0,0,0,0.070312,0,0.013672,0.09375,0.011719,0,0.007812,0.000977,0.003906,0.001953,0.006836,0,0,0.007812,0,0,0.074219,0.084961,0,0,0.005859,0.020508,0.00293,0.009766,0,0.029297,0,0.005859
Eucalyptus Glaucescens,0.041992,0.026367,0.003906,0.039062,0,0,0.060547,0.008789,0.006836,0.026367,0,0,0.001953,0,0,0,0.026367,0.024414,0.076172,0.016602,0,0,0.05957,0.013672,0.024414,0.009766,0.011719,0.00293,0.032227,0.008789,0.044922,0,0.000977,0.00293,0.001953,0,0.003906,0.015625,0.022461,0.045898,0,0,0.019531,0.006836,0.072266,0.000977,0.083984,0,0.00293,0.006836,0,0,0.010742,0.052734,0,0,0.043945,0,0.022461,0,0,0,0,0.015625
Eucalyptus Glaucescens,0.040039,0.004883,0.023438,0,0.026367,0,0.005859,0.030273,0.021484,0.000977,0.001953,0.025391,0.000977,0.076172,0,0,0.00293,0,0.001953,0.030273,0,0.018555,0.003906,0,0,0,0.00293,0.001953,0.023438,0.003906,0.017578,0,0,0.13379,0.011719,0,0,0.015625,0.003906,0.007812,0,0,0.003906,0.040039,0.005859,0.053711,0.016602,0.009766,0.012695,0.043945,0,0.001953,0,0.004883,0.20898,0,0.004883,0,0.026367,0,0,0.000977,0.00293,0.024414
Eucalyptus Glaucescens,0.067383,0.000977,0.001953,0.027344,0,0.00293,0.011719,0.000977,0.013672,0.12988,0,0,0.009766,0.037109,0,0.001953,0,0.000977,0.038086,0.007812,0,0.015625,0,0.003906,0.023438,0.005859,0.083008,0,0.017578,0.006836,0.023438,0,0.009766,0.008789,0.008789,0,0.001953,0.007812,0.075195,0.069336,0.030273,0.004883,0.032227,0.017578,0,0.000977,0.024414,0,0.018555,0.022461,0,0.006836,0.009766,0.018555,0,0,0.001953,0.000977,0.018555,0,0,0.000977,0.03125,0.045898
Eucalyptus Glaucescens,0.074219,0.012695,0.016602,0.006836,0.015625,0.014648,0.004883,0.022461,0.052734,0.014648,0,0,0.013672,0.014648,0,0,0.027344,0,0.007812,0.03125,0,0,0.011719,0.000977,0,0.000977,0.030273,0.003906,0.014648,0.013672,0.009766,0,0.000977,0.11816,0.018555,0,0,0.017578,0.019531,0.007812,0.005859,0.001953,0.010742,0.081055,0.003906,0.083008,0.017578,0.001953,0.007812,0.017578,0,0,0.001953,0.006836,0.056641,0,0.005859,0,0.022461,0,0,0,0.024414,0.051758
Eucalyptus Glaucescens,0.037109,0.014648,0.005859,0.000977,0.027344,0.003906,0.053711,0.040039,0.037109,0,0,0.000977,0.001953,0,0,0,0.029297,0.000977,0.010742,0.023438,0,0,0.012695,0,0.013672,0.000977,0.000977,0.006836,0.053711,0.00293,0.035156,0,0,0.11328,0,0,0,0.09375,0.022461,0.016602,0,0,0.014648,0.001953,0.011719,0.083008,0.033203,0.004883,0.000977,0.024414,0,0,0,0.018555,0.047852,0,0.030273,0,0.011719,0,0,0.003906,0.00293,0.048828
Eucalyptus Glaucescens,0.047852,0.027344,0,0.047852,0,0,0.027344,0,0,0.046875,0.004883,0.00293,0,0,0,0,0.009766,0,0.081055,0.004883,0,0,0.029297,0.039062,0.016602,0.050781,0.008789,0,0.013672,0,0.040039,0,0.016602,0.008789,0,0,0.016602,0.004883,0.055664,0.088867,0.004883,0,0.004883,0.009766,0.021484,0.008789,0.015625,0,0,0,0,0,0.05957,0.061523,0.001953,0,0.010742,0.033203,0.019531,0.001953,0,0.029297,0,0.026367
Eucalyptus Glaucescens,0.088867,0.052734,0.005859,0.003906,0.041992,0,0.025391,0.032227,0,0.007812,0,0,0,0,0,0,0.021484,0.007812,0.024414,0.023438,0,0,0.037109,0.001953,0.003906,0,0.019531,0.00293,0.000977,0,0.011719,0,0,0.17773,0,0,0,0.061523,0.012695,0.012695,0,0,0.012695,0.027344,0.026367,0.09082,0.025391,0.006836,0,0,0,0,0,0.009766,0.072266,0,0.019531,0,0.003906,0,0,0,0,0.026367
Eucalyptus Glaucescens,0.074219,0.014648,0.003906,0.006836,0.022461,0,0.058594,0.027344,0,0.048828,0,0,0,0,0,0,0.000977,0,0.022461,0.006836,0,0,0.074219,0,0.006836,0.000977,0.052734,0.007812,0.000977,0,0.00293,0,0.005859,0.060547,0,0,0.001953,0.072266,0.049805,0.025391,0.03125,0,0.015625,0.060547,0.069336,0.056641,0.023438,0.003906,0,0,0,0,0.00293,0.007812,0.011719,0,0.019531,0,0.001953,0,0,0,0,0.045898
Eucalyptus Glaucescens,0.097656,0.00293,0.012695,0.00293,0.019531,0,0.001953,0.029297,0.015625,0.005859,0.00293,0,0.00293,0.043945,0,0.005859,0.000977,0,0.003906,0.024414,0.000977,0.03418,0.003906,0.006836,0.007812,0,0.047852,0,0.018555,0.005859,0.02832,0,0,0.09375,0.013672,0,0,0.025391,0.018555,0.004883,0.007812,0.001953,0.014648,0.091797,0.003906,0.022461,0.018555,0.003906,0.012695,0.039062,0,0.038086,0.001953,0.004883,0.058594,0,0.000977,0.000977,0.023438,0,0,0.001953,0.006836,0.061523
Eucalyptus Glaucescens,0.053711,0.000977,0.008789,0.003906,0.029297,0,0.00293,0.02832,0.009766,0.020508,0.004883,0.097656,0.001953,0.036133,0,0.00293,0,0,0.005859,0.025391,0,0.02832,0,0,0.007812,0,0.022461,0,0.017578,0.005859,0.025391,0.003906,0,0.070312,0.012695,0,0,0.011719,0.012695,0.021484,0.008789,0.001953,0.006836,0.049805,0.000977,0.016602,0.014648,0.006836,0.015625,0.02832,0,0.029297,0,0.009766,0.16602,0,0.001953,0,0.03418,0,0,0,0.003906,0.03125
Ginkgo Biloba,0.066406,0,0,0,0.004883,0,0,0,0,0,0,0.033203,0,0,0,0,0,0,0,0,0,0,0,0,0,0,0.005859,0,0,0,0,0,0,0.35352,0,0,0,0.001953,0,0,0,0,0,0.0625,0,0.029297,0,0.010742,0,0,0,0,0,0,0.42969,0,0,0,0,0,0,0,0,0.001953
Ginkgo Biloba,0.21289,0,0,0,0.004883,0,0.013672,0.00293,0,0.004883,0,0.05957,0,0,0,0,0,0.001953,0,0,0,0,0,0,0.000977,0,0.019531,0,0,0,0,0,0,0.26758,0,0,0,0.015625,0,0.000977,0.012695,0,0.000977,0.061523,0,0.014648,0.000977,0.001953,0,0,0,0,0,0,0.27734,0,0.016602,0,0,0,0,0,0,0.007812
Ginkgo Biloba,0.16504,0,0,0,0.013672,0,0.019531,0.004883,0,0,0,0.038086,0,0,0,0,0,0,0.003906,0.000977,0,0,0.005859,0,0,0,0.001953,0,0,0,0,0,0,0.35352,0,0,0,0.042969,0.000977,0.000977,0,0,0.001953,0.007812,0.000977,0.042969,0.004883,0.016602,0,0,0,0,0,0,0.25879,0,0.010742,0,0,0,0,0,0,0.00293
Ginkgo Biloba,0.20215,0,0,0.000977,0.00293,0,0.003906,0,0,0.072266,0,0.00293,0,0,0,0,0,0,0.00293,0,0,0,0,0,0,0,0.092773,0,0,0,0,0,0.022461,0.078125,0,0,0.000977,0.003906,0.011719,0,0.044922,0,0,0.33105,0,0.003906,0,0,0,0,0,0,0,0,0.11719,0,0.000977,0,0,0,0,0,0,0.003906
Ginkgo Biloba,0.21289,0,0,0.000977,0.004883,0,0.011719,0,0,0.11621,0,0,0,0,0,0,0,0,0.000977,0,0,0,0,0,0.000977,0,0.071289,0,0,0,0,0,0.041016,0.088867,0,0,0.008789,0.00293,0.006836,0.016602,0.035156,0,0,0.2168,0.001953,0.023438,0,0.001953,0,0,0,0,0,0,0.12012,0,0.005859,0,0,0,0,0,0,0.009766
Ginkgo Biloba,0.38086,0,0,0,0.001953,0,0.018555,0,0,0.051758,0,0.000977,0,0,0,0,0,0,0.00293,0,0,0,0,0,0,0,0.020508,0,0,0,0,0,0,0.21484,0,0,0,0.010742,0.00293,0.004883,0.000977,0,0,0.078125,0,0.026367,0.001953,0.001953,0,0,0,0,0,0.001953,0.17383,0,0.001953,0,0,0,0,0,0,0.001953
Ginkgo Biloba,0.39941,0,0,0,0,0,0.025391,0,0,0.020508,0,0.009766,0,0,0,0,0,0,0,0,0,0,0,0,0,0,0.020508,0,0,0,0,0,0,0.22559,0,0,0,0.000977,0.000977,0.003906,0.001953,0,0,0.057617,0,0.009766,0,0.003906,0,0,0,0,0,0,0.2168,0,0.00293,0,0,0,0,0,0,0
Ginkgo Biloba,0.41309,0,0,0,0,0,0.081055,0,0,0.12305,0,0.000977,0,0,0,0,0,0,0.041992,0,0,0,0,0,0,0,0.021484,0,0,0,0.001953,0,0.000977,0.11621,0,0,0,0,0.00293,0.052734,0.004883,0,0,0.027344,0,0.014648,0,0.000977,0,0,0,0,0,0.005859,0.084961,0,0.003906,0,0,0,0,0,0,0.000977
Ginkgo Biloba,0.12598,0.001953,0,0,0.045898,0,0.061523,0.003906,0,0.000977,0,0.03125,0,0,0,0,0,0,0.011719,0.000977,0,0,0.001953,0.000977,0.000977,0,0.008789,0.010742,0,0,0,0,0,0.22168,0,0,0,0.085938,0,0.017578,0,0,0.001953,0.027344,0.012695,0.047852,0.00293,0.016602,0,0,0,0,0,0.001953,0.15527,0,0.072266,0,0.001953,0,0,0,0,0.026367
Ginkgo Biloba,0.0625,0,0,0.001953,0.039062,0,0.047852,0.000977,0,0,0,0.10156,0,0,0,0,0,0,0.029297,0.001953,0,0,0.016602,0.001953,0,0,0.00293,0,0,0,0.003906,0,0,0.19336,0,0,0,0.037109,0.003906,0.023438,0,0,0.000977,0.005859,0.012695,0.043945,0.012695,0.033203,0,0,0,0,0.007812,0.001953,0.27051,0,0.036133,0,0.000977,0,0,0,0,0.004883
Ginkgo Biloba,0.083008,0,0.001953,0,0.058594,0,0.005859,0.000977,0,0,0,0.16992,0,0,0,0,0,0,0,0,0,0,0,0,0,0,0.003906,0.000977,0,0,0,0,0,0.29395,0,0,0,0.044922,0,0,0,0,0,0.005859,0.000977,0.056641,0,0.040039,0,0,0,0,0,0,0.21875,0,0.011719,0,0,0,0,0,0,0.001953
Ginkgo Biloba,0.1543,0,0,0,0.006836,0,0.006836,0,0,0.011719,0,0.017578,0,0,0,0,0,0,0,0,0,0,0,0,0,0,0.043945,0.000977,0,0,0,0,0,0.27734,0,0,0,0.023438,0.003906,0.000977,0.00293,0,0.000977,0.089844,0.00293,0.045898,0.00293,0.004883,0,0,0,0,0,0,0.27051,0,0.018555,0,0,0,0,0,0,0.012695
Ginkgo Biloba,0.053711,0,0.000977,0,0.047852,0,0.000977,0.000977,0,0,0,0.12598,0,0,0,0,0,0,0,0.000977,0,0,0.00293,0,0,0,0.006836,0.004883,0,0,0,0,0,0.23828,0,0,0,0.035156,0,0,0,0,0,0.015625,0.003906,0.066406,0.000977,0.041016,0,0,0,0,0,0,0.32129,0,0.02832,0,0,0,0,0,0,0.00293
Ginkgo Biloba,0.22461,0,0,0,0.004883,0,0.014648,0,0,0.009766,0,0.015625,0,0,0,0,0,0,0.003906,0,0,0,0,0,0,0,0.055664,0,0,0,0,0,0,0.25977,0,0,0,0.010742,0.005859,0.010742,0.000977,0,0.000977,0.09082,0.001953,0.037109,0,0.010742,0,0,0,0,0,0,0.21289,0,0.020508,0,0,0,0,0,0,0.007812
Ginkgo Biloba,0.28027,0,0.000977,0.004883,0.010742,0,0.060547,0.003906,0,0.084961,0,0.035156,0,0,0,0,0,0,0.025391,0,0,0,0.003906,0,0,0,0.012695,0,0,0,0.003906,0,0.006836,0.18945,0,0,0,0.019531,0.008789,0.041992,0,0,0.004883,0.033203,0.020508,0.024414,0.003906,0.005859,0,0,0,0,0,0.005859,0.081055,0,0.019531,0,0,0,0,0,0,0.006836
Ginkgo Biloba,0.2002,0.001953,0,0.003906,0.014648,0,0.12891,0.001953,0,0.007812,0,0.064453,0,0,0,0,0,0.000977,0.033203,0.000977,0,0,0.000977,0,0.000977,0,0.007812,0.008789,0,0.000977,0,0,0,0.12109,0,0,0,0.045898,0.013672,0.040039,0,0,0.005859,0.004883,0.015625,0.041016,0.001953,0.014648,0,0,0,0,0,0,0.12207,0,0.074219,0,0.00293,0,0,0,0,0.017578
Ilex Cornuta,0.095703,0.003906,0.010742,0.019531,0.006836,0.050781,0.050781,0.000977,0.007812,0.023438,0.004883,0,0.017578,0.000977,0,0,0.005859,0.003906,0.03418,0.004883,0,0,0.005859,0.00293,0.020508,0.017578,0.038086,0.018555,0.004883,0.030273,0.003906,0,0.003906,0.061523,0.013672,0,0.000977,0.054688,0.055664,0.050781,0.001953,0,0.016602,0.02832,0.005859,0.03418,0.008789,0.001953,0,0.00293,0,0,0.008789,0.016602,0.00293,0,0.027344,0.00293,0.004883,0,0,0.005859,0.008789,0.094727
Ilex Cornuta,0.000977,0.026367,0.011719,0.000977,0.066406,0,0.013672,0.016602,0,0,0,0.38965,0,0,0,0,0.001953,0.035156,0.000977,0.00293,0,0,0,0,0,0,0.001953,0.007812,0,0.007812,0,0,0,0.012695,0.033203,0,0,0.003906,0.000977,0.001953,0,0,0,0.003906,0.00293,0.025391,0.00293,0.14453,0,0,0,0,0,0,0.17285,0,0.003906,0,0,0,0,0,0,0.005859
Ilex Cornuta,0.010742,0.010742,0.011719,0.00293,0.084961,0,0.005859,0.027344,0,0.003906,0,0.17578,0.001953,0,0,0,0.014648,0.027344,0.015625,0.00293,0,0,0.003906,0.000977,0.006836,0,0.006836,0.018555,0,0.006836,0,0,0,0.060547,0.024414,0,0,0.013672,0.005859,0.000977,0,0,0.00293,0.014648,0.006836,0.037109,0.00293,0.10156,0.000977,0,0,0,0.000977,0.00293,0.27246,0,0.00293,0,0,0,0,0.000977,0,0.006836
Ilex Cornuta,0.019531,0.016602,0.005859,0.007812,0.089844,0,0.011719,0.030273,0,0,0,0.17578,0,0,0,0,0.00293,0.029297,0.000977,0.003906,0,0,0.004883,0.000977,0.005859,0,0.007812,0.015625,0,0,0,0,0,0.051758,0.004883,0,0,0.023438,0.006836,0.001953,0,0,0.008789,0.010742,0.003906,0.0625,0.004883,0.077148,0.000977,0.000977,0,0,0.00293,0,0.28223,0,0.008789,0.000977,0,0,0,0,0,0.016602
Ilex Cornuta,0.056641,0.020508,0.004883,0.024414,0.003906,0.033203,0.050781,0.008789,0.007812,0.037109,0.007812,0,0.009766,0,0,0,0.02832,0.019531,0.041016,0.004883,0,0.004883,0.015625,0.008789,0.035156,0.013672,0.029297,0.005859,0.019531,0.009766,0.017578,0,0.000977,0.026367,0.009766,0,0.001953,0.015625,0.051758,0.057617,0.001953,0.009766,0.020508,0.011719,0.030273,0.03418,0.014648,0,0.021484,0.006836,0.003906,0,0.014648,0.036133,0.003906,0.003906,0.041016,0.006836,0.017578,0,0,0.003906,0.000977,0.032227
Ilex Cornuta,0.076172,0.014648,0.010742,0.014648,0.004883,0.03125,0.016602,0.011719,0.006836,0.053711,0.001953,0,0.008789,0,0,0,0.019531,0,0.02832,0.018555,0,0.00293,0.005859,0.012695,0.023438,0.009766,0.09668,0.011719,0.004883,0.023438,0.009766,0,0.001953,0.038086,0.017578,0,0.001953,0.036133,0.058594,0.050781,0.007812,0,0.019531,0.050781,0.004883,0.03418,0.008789,0.000977,0.000977,0.00293,0,0,0.007812,0.009766,0.006836,0,0.016602,0.008789,0.010742,0,0,0.001953,0.000977,0.081055
Ilex Cornuta,0.071289,0.007812,0.010742,0.008789,0.007812,0.043945,0.017578,0.006836,0.004883,0.029297,0.00293,0,0.014648,0,0,0,0.007812,0.012695,0.013672,0.009766,0,0.001953,0.005859,0.004883,0.007812,0.004883,0.081055,0.018555,0.003906,0.014648,0.003906,0.001953,0.000977,0.10449,0.013672,0,0.001953,0.043945,0.041992,0.016602,0,0,0.014648,0.12891,0.006836,0.056641,0.004883,0.000977,0.004883,0,0.007812,0,0.004883,0.010742,0.022461,0.00293,0.009766,0.006836,0.00293,0,0,0.000977,0,0.069336
Ilex Cornuta,0.043945,0.004883,0.016602,0.010742,0.044922,0.043945,0.009766,0.012695,0.012695,0.00293,0,0.00293,0.011719,0,0,0,0.006836,0.004883,0.009766,0.009766,0,0,0.003906,0.000977,0.014648,0.000977,0.0625,0.040039,0.00293,0.014648,0.000977,0,0,0.13184,0.009766,0,0,0.050781,0.026367,0.012695,0,0,0.012695,0.086914,0.00293,0.10059,0.004883,0.015625,0.001953,0.003906,0.00293,0,0.001953,0.001953,0.052734,0,0.015625,0.007812,0.000977,0,0,0,0,0.064453
Ilex Cornuta,0.030273,0.006836,0.006836,0.00293,0.042969,0.036133,0.007812,0.013672,0.015625,0.007812,0,0.005859,0.018555,0,0,0,0.009766,0.001953,0.001953,0.011719,0,0,0.005859,0,0.00293,0.000977,0.023438,0.010742,0.000977,0.020508,0.00293,0,0.005859,0.18555,0.015625,0,0.000977,0.024414,0.010742,0.005859,0.000977,0,0.003906,0.085938,0.008789,0.086914,0.009766,0.03125,0,0,0,0,0.001953,0.00293,0.18164,0,0.004883,0,0.005859,0,0,0.000977,0.00293,0.033203
Ilex Cornuta,0.070312,0.001953,0.013672,0.004883,0.011719,0.036133,0.017578,0.011719,0.008789,0.021484,0.001953,0,0.022461,0,0,0,0.007812,0.004883,0.005859,0.003906,0,0,0.000977,0.00293,0.023438,0.001953,0.13477,0.016602,0,0.024414,0.000977,0,0,0.06543,0.013672,0,0,0.014648,0.045898,0.006836,0.006836,0,0.036133,0.16699,0.001953,0.047852,0.001953,0.003906,0.001953,0.000977,0.001953,0,0.00293,0.004883,0.026367,0,0.005859,0.000977,0,0,0,0.000977,0,0.089844
Ilex Cornuta,0.024414,0.008789,0.006836,0.001953,0.06543,0,0.010742,0.035156,0,0,0,0.31543,0,0,0,0,0.000977,0.040039,0.006836,0.000977,0,0,0,0,0.00293,0,0.014648,0.004883,0,0.001953,0,0,0,0.053711,0.018555,0,0,0.00293,0.00293,0.004883,0,0,0.000977,0.012695,0.000977,0.02832,0,0.089844,0,0,0,0,0,0.005859,0.2207,0,0.001953,0,0,0,0,0,0,0.013672
Ilex Cornuta,0.076172,0.00293,0.011719,0.00293,0.027344,0.032227,0.011719,0.001953,0.007812,0.011719,0,0,0.017578,0,0,0,0.006836,0.00293,0.005859,0.010742,0,0,0.001953,0.001953,0.00293,0,0.061523,0.023438,0.000977,0.023438,0.003906,0,0.000977,0.16699,0.013672,0,0,0.070312,0.025391,0.010742,0,0,0.007812,0.10254,0.003906,0.091797,0.010742,0.001953,0.000977,0,0,0,0.000977,0.000977,0.054688,0,0.009766,0.000977,0.001953,0,0,0,0.006836,0.06543
Ilex Cornuta,0.095703,0.001953,0.008789,0.009766,0.016602,0.030273,0.03418,0.005859,0.010742,0.018555,0,0,0.021484,0,0,0,0.000977,0.006836,0.00293,0.003906,0,0,0.00293,0.000977,0.022461,0.001953,0.089844,0.017578,0,0.021484,0.001953,0.000977,0.00293,0.056641,0.029297,0,0.001953,0.081055,0.057617,0.020508,0.00293,0.001953,0.038086,0.073242,0.001953,0.061523,0.003906,0,0,0,0,0,0.001953,0.000977,0.005859,0.005859,0.012695,0,0,0,0,0.000977,0.006836,0.10254
Ilex Cornuta,0.06543,0.010742,0.009766,0.011719,0.010742,0.048828,0.020508,0.007812,0.005859,0.029297,0.007812,0,0.015625,0,0.000977,0,0.008789,0.004883,0.007812,0.011719,0,0,0.005859,0.001953,0.017578,0.001953,0.083008,0.017578,0.001953,0.019531,0.001953,0,0.00293,0.10547,0.020508,0,0,0.030273,0.032227,0.008789,0.006836,0.00293,0.007812,0.12402,0.011719,0.050781,0.007812,0.003906,0.000977,0.000977,0.004883,0,0.001953,0.003906,0.047852,0,0.010742,0.006836,0.001953,0,0,0,0.001953,0.072266
Ilex Cornuta,0.10742,0.008789,0.005859,0.022461,0.007812,0.018555,0.026367,0.007812,0.009766,0.06543,0.006836,0,0.006836,0.000977,0,0,0.026367,0.005859,0.020508,0.013672,0,0,0.00293,0,0.023438,0.006836,0.083008,0.007812,0.000977,0.022461,0.00293,0,0.004883,0.036133,0.010742,0,0.004883,0.017578,0.080078,0.045898,0.023438,0.000977,0.017578,0.077148,0.008789,0.024414,0.004883,0,0.005859,0.000977,0.00293,0,0.011719,0.006836,0.003906,0,0.013672,0,0.001953,0,0,0.004883,0.000977,0.077148
Ilex Cornuta,0.012695,0.001953,0.013672,0,0.14941,0,0.011719,0.02832,0,0,0,0.33691,0,0,0,0,0,0.025391,0.001953,0.001953,0,0,0,0,0.000977,0,0.001953,0.023438,0,0.006836,0,0,0,0.016602,0.026367,0,0,0.004883,0.001953,0,0,0,0,0.004883,0,0.019531,0.00293,0.15527,0,0,0,0,0,0.001953,0.1377,0,0.006836,0,0,0,0,0,0,0.003906
Magnolia Salicifolia,0.013672,0.005859,0.010742,0.000977,0.0625,0,0.008789,0.009766,0.005859,0.000977,0.000977,0.09082,0,0.03418,0,0,0.000977,0,0.007812,0.011719,0,0.016602,0.014648,0.001953,0.000977,0.001953,0,0.000977,0.003906,0.011719,0.010742,0,0,0.057617,0.014648,0,0,0.029297,0.005859,0.015625,0,0,0,0.024414,0.026367,0.03418,0.011719,0.03125,0.008789,0.004883,0,0.008789,0,0.012695,0.32715,0,0.020508,0,0.009766,0,0,0.003906,0.001953,0.021484
Magnolia Salicifolia,0.009766,0.008789,0.007812,0,0.061523,0,0.006836,0.022461,0.030273,0,0,0.18457,0.001953,0.023438,0,0,0.00293,0,0.007812,0.017578,0,0.00293,0.007812,0,0,0,0,0.000977,0.007812,0.007812,0.008789,0,0,0.051758,0.003906,0,0,0.05957,0,0.005859,0,0,0,0.00293,0.021484,0.032227,0.005859,0.047852,0.003906,0.010742,0,0,0,0.004883,0.22461,0,0.082031,0,0.011719,0,0,0,0,0.008789
Magnolia Salicifolia,0.026367,0.00293,0.009766,0,0.089844,0.001953,0.010742,0.023438,0.012695,0,0,0.22949,0.00293,0.037109,0,0,0.000977,0,0.000977,0.014648,0,0.005859,0.011719,0,0.007812,0,0,0.000977,0.006836,0.007812,0.026367,0,0,0.042969,0.013672,0,0,0.051758,0,0.004883,0,0,0.000977,0.000977,0.023438,0.043945,0.009766,0.040039,0.004883,0.008789,0,0,0,0.013672,0.14551,0,0.041992,0,0.005859,0,0,0,0.001953,0.013672
Magnolia Salicifolia,0.020508,0.004883,0.012695,0,0.040039,0,0.006836,0.019531,0.022461,0,0,0.26563,0.000977,0.025391,0,0,0.00293,0.000977,0.004883,0.009766,0,0.003906,0.000977,0,0.000977,0,0,0.007812,0.008789,0.010742,0.003906,0,0,0.050781,0.012695,0,0,0.03418,0.000977,0.00293,0,0,0,0.009766,0.011719,0.041992,0.00293,0.035156,0.005859,0.007812,0,0,0,0.00293,0.24219,0,0.03418,0,0.010742,0,0,0,0,0.018555
Magnolia Salicifolia,0.018555,0.003906,0.008789,0,0.057617,0,0.012695,0.017578,0.007812,0,0,0.2334,0.003906,0.029297,0,0,0.001953,0,0.000977,0.008789,0,0.011719,0.014648,0.000977,0,0,0.000977,0.000977,0.010742,0.013672,0.018555,0,0,0.033203,0.016602,0,0,0.040039,0.001953,0.006836,0.000977,0,0.000977,0.006836,0.03125,0.025391,0.004883,0.022461,0.009766,0.011719,0,0.008789,0,0.006836,0.2207,0,0.044922,0,0.004883,0,0,0,0.006836,0.016602
Magnolia Salicifolia,0.021484,0.003906,0.008789,0,0.052734,0.004883,0.009766,0.007812,0.011719,0.000977,0,0.13574,0.012695,0.014648,0,0,0.001953,0.003906,0.006836,0.006836,0,0.001953,0.004883,0,0.00293,0,0.014648,0.001953,0.00293,0.010742,0.000977,0,0,0.072266,0.008789,0,0,0.032227,0.003906,0.009766,0,0.001953,0,0.023438,0.019531,0.026367,0,0.03125,0.000977,0.013672,0,0.009766,0,0.007812,0.31738,0,0.030273,0,0.005859,0,0,0,0.019531,0.019531
Magnolia Salicifolia,0.032227,0.006836,0.012695,0,0.072266,0,0.021484,0.008789,0.007812,0,0,0.26563,0,0.036133,0,0,0.004883,0,0.014648,0.013672,0,0.018555,0.004883,0.001953,0,0,0.003906,0.000977,0.003906,0.009766,0.017578,0,0,0.045898,0.017578,0,0,0.035156,0.00293,0.007812,0,0,0.001953,0.006836,0.015625,0.014648,0.003906,0.03418,0.009766,0.003906,0,0.003906,0,0.014648,0.18457,0,0.023438,0,0.005859,0,0,0,0,0.008789
Magnolia Salicifolia,0.015625,0.005859,0.004883,0,0.045898,0.000977,0.014648,0.010742,0.006836,0.003906,0.003906,0.03418,0.001953,0.033203,0,0,0.000977,0,0.009766,0.010742,0,0.00293,0.005859,0.00293,0.003906,0,0.010742,0,0.009766,0.008789,0.010742,0,0,0.06543,0.013672,0,0,0.036133,0.005859,0.012695,0,0,0.000977,0.06543,0.016602,0.037109,0.003906,0.020508,0.000977,0.009766,0,0.000977,0.000977,0.003906,0.37598,0,0.041992,0,0.010742,0,0,0,0.00293,0.013672
Magnolia Salicifolia,0.007812,0.004883,0.004883,0,0.077148,0,0.005859,0.02832,0.007812,0.001953,0.001953,0.080078,0.000977,0.038086,0,0,0.000977,0.000977,0.011719,0.011719,0,0.010742,0.020508,0.00293,0.004883,0.000977,0.003906,0,0.019531,0.015625,0.013672,0.001953,0,0.041016,0.011719,0,0,0.041992,0.003906,0.004883,0.001953,0,0.003906,0.029297,0.021484,0.020508,0.012695,0.020508,0.009766,0.014648,0.000977,0.013672,0,0.015625,0.27832,0,0.039062,0,0.009766,0,0,0.000977,0.003906,0.019531
Magnolia Salicifolia,0.020508,0.003906,0.009766,0,0.072266,0.000977,0.008789,0.020508,0.004883,0,0.004883,0.31445,0.003906,0.033203,0,0,0.00293,0,0.007812,0.010742,0,0.015625,0.017578,0.000977,0,0,0,0,0.007812,0.016602,0.022461,0.001953,0,0.03418,0.014648,0,0,0.029297,0.00293,0.005859,0,0,0.000977,0,0.029297,0.026367,0.017578,0.042969,0.013672,0.013672,0,0.011719,0.000977,0.012695,0.083008,0,0.032227,0,0.008789,0,0,0,0.004883,0.011719
Magnolia Salicifolia,0.016602,0.001953,0.001953,0,0.083008,0,0.032227,0.026367,0.006836,0.000977,0,0.014648,0.001953,0.029297,0,0,0.000977,0,0.015625,0.011719,0,0.019531,0.019531,0,0.005859,0.00293,0.018555,0.001953,0.006836,0.008789,0.013672,0.000977,0,0.067383,0.007812,0.000977,0,0.05957,0.005859,0.018555,0.001953,0,0.008789,0.024414,0.037109,0.035156,0.011719,0.040039,0.013672,0.009766,0.000977,0.014648,0.000977,0.012695,0.2041,0,0.043945,0,0.011719,0,0,0.000977,0,0.024414
Magnolia Salicifolia,0.012695,0.001953,0.012695,0,0.081055,0,0.020508,0.015625,0.008789,0,0.009766,0.06543,0.00293,0.032227,0,0,0,0,0.014648,0.012695,0,0.020508,0.018555,0.000977,0.001953,0,0.006836,0.001953,0.006836,0.008789,0.023438,0.006836,0,0.063477,0.010742,0,0,0.032227,0.008789,0.014648,0,0,0.000977,0.030273,0.016602,0.029297,0.010742,0.03125,0.005859,0.009766,0.001953,0.00293,0,0.012695,0.26758,0,0.023438,0,0.008789,0,0,0.011719,0,0.018555
Magnolia Salicifolia,0.020508,0.003906,0.006836,0,0.084961,0.001953,0.006836,0.022461,0.004883,0,0.000977,0.025391,0.00293,0.033203,0,0,0.000977,0.000977,0.00293,0.014648,0,0.004883,0.020508,0.000977,0.000977,0,0.001953,0.001953,0.007812,0.010742,0.015625,0,0,0.070312,0.010742,0,0,0.041992,0.00293,0.008789,0,0.00293,0.006836,0.027344,0.022461,0.045898,0.016602,0.019531,0.003906,0.020508,0,0.001953,0.001953,0.009766,0.30762,0,0.040039,0,0.007812,0,0,0,0.003906,0.026367
Magnolia Salicifolia,0.000977,0.005859,0.005859,0,0.12598,0.000977,0.000977,0.037109,0.012695,0,0,0.19043,0.010742,0.050781,0,0,0.013672,0.000977,0.001953,0.007812,0,0.000977,0.013672,0.000977,0,0,0,0.005859,0.001953,0.019531,0.011719,0,0,0.011719,0.007812,0,0,0.052734,0,0,0,0,0.000977,0,0.041992,0.03418,0.004883,0.040039,0.010742,0.008789,0,0.022461,0,0.005859,0.14941,0,0.079102,0,0.004883,0,0,0,0.001953,0.000977
Magnolia Salicifolia,0.008789,0.007812,0.015625,0,0.080078,0.000977,0.00293,0.014648,0.015625,0,0,0.042969,0.00293,0.035156,0,0,0.004883,0.006836,0.000977,0.010742,0,0.000977,0.001953,0,0.001953,0,0.004883,0.008789,0.006836,0.012695,0.006836,0,0,0.075195,0.013672,0,0,0.036133,0.000977,0,0,0,0,0.036133,0.012695,0.063477,0.00293,0.024414,0.007812,0.00293,0,0,0,0.00293,0.34668,0,0.047852,0,0.007812,0,0,0,0.001953,0.020508
Magnolia Salicifolia,0.020508,0.006836,0.004883,0,0.078125,0,0.007812,0.017578,0.009766,0,0,0.30371,0.001953,0.025391,0,0,0.00293,0,0.007812,0.014648,0,0.013672,0.012695,0,0.000977,0,0,0.005859,0.011719,0.009766,0.00293,0,0,0.055664,0.016602,0,0,0.047852,0,0.012695,0,0,0.001953,0,0.025391,0.040039,0.004883,0.033203,0.007812,0.013672,0,0.00293,0,0.003906,0.1084,0,0.044922,0,0.005859,0,0,0,0,0.014648
Populus Adenopoda,0,0.000977,0,0.000977,0,0.000977,0,0,0.015625,0,0.004883,0,0,0,0,0,0.011719,0,0,0,0,0,0,0.064453,0,0.036133,0,0,0.009766,0.001953,0.011719,0,0.013672,0,0,0,0.49023,0,0,0.003906,0.001953,0,0.000977,0,0,0,0,0,0.003906,0.008789,0,0,0.0625,0.000977,0,0,0,0.0625,0.003906,0.17871,0,0.008789,0,0
Populus Adenopoda,0,0,0,0,0,0,0,0,0,0,0.051758,0,0,0,0.2793,0,0,0,0,0,0,0,0,0,0,0.004883,0,0,0,0,0,0,0,0,0,0,0,0,0,0,0,0,0,0,0,0,0,0,0,0.001953,0.010742,0,0,0,0,0,0,0.018555,0,0.57813,0,0.054688,0,0
Populus Adenopoda,0,0,0,0,0,0,0,0,0,0,0.040039,0,0,0,0.5498,0,0,0,0,0,0,0.000977,0,0.000977,0,0.004883,0,0,0,0,0,0,0,0,0,0,0,0,0,0,0,0,0,0,0,0,0,0,0,0.001953,0.09082,0,0,0,0,0.004883,0,0.029297,0,0.21875,0,0.057617,0,0
Populus Adenopoda,0,0,0,0,0,0.000977,0,0,0,0,0.063477,0,0,0,0.63574,0,0.000977,0,0,0,0,0.005859,0,0,0,0,0,0,0,0,0,0,0,0,0,0,0,0,0,0,0,0,0,0,0,0,0,0,0.000977,0.007812,0.18652,0,0,0,0,0.041992,0,0.004883,0,0.027344,0,0.022461,0.000977,0
Populus Adenopoda,0,0,0,0,0,0,0,0,0,0,0.10156,0,0,0,0.64844,0,0.001953,0,0,0,0,0,0,0,0,0,0,0,0.001953,0,0.001953,0,0,0,0,0,0,0,0,0,0,0,0,0,0,0,0,0,0,0.004883,0.0625,0,0,0,0,0.017578,0,0.008789,0,0.037109,0,0.11328,0,0
Populus Adenopoda,0,0,0,0,0,0,0,0,0,0,0.048828,0,0,0,0.15137,0,0.000977,0,0.000977,0,0,0,0,0.004883,0,0.11426,0,0,0.010742,0,0.017578,0,0,0,0,0,0.021484,0,0,0,0,0,0,0,0,0,0,0,0,0,0.000977,0,0.005859,0.000977,0,0,0,0.040039,0,0.36523,0,0.21582,0,0
Populus Adenopoda,0,0,0,0,0,0,0,0,0,0.004883,0.018555,0,0,0,0.37793,0,0,0,0.006836,0,0,0,0,0.001953,0,0.052734,0,0,0.000977,0,0.004883,0,0.010742,0,0,0,0.038086,0,0,0.001953,0,0,0,0,0,0,0,0,0,0,0,0,0.003906,0,0,0,0,0.030273,0,0.3457,0,0.10059,0,0
Populus Adenopoda,0,0.001953,0,0,0,0,0,0,0,0,0.019531,0,0,0,0.008789,0,0,0,0.016602,0,0,0.000977,0.00293,0.010742,0,0.30273,0,0,0.001953,0,0.019531,0,0,0,0,0,0.047852,0,0,0,0,0,0,0,0,0,0,0,0,0.001953,0.015625,0,0.001953,0.020508,0,0.000977,0,0.020508,0.001953,0.33301,0,0.16992,0,0
Populus Adenopoda,0,0,0,0,0,0,0,0,0.000977,0,0.12402,0,0,0,0.55176,0,0.003906,0,0.005859,0,0,0.004883,0,0.001953,0,0.022461,0,0,0.000977,0,0,0.000977,0.005859,0,0,0,0.018555,0,0,0,0,0,0,0,0,0,0,0,0.000977,0.005859,0.075195,0,0.00293,0,0,0.023438,0,0.006836,0,0.054688,0,0.087891,0,0
Populus Adenopoda,0.001953,0.000977,0,0.003906,0,0,0.012695,0,0,0.020508,0.048828,0,0,0,0.17676,0,0.012695,0,0.078125,0,0,0,0.000977,0.007812,0.000977,0.12793,0,0,0.00293,0,0.014648,0,0.004883,0,0,0,0.027344,0,0,0.012695,0,0,0,0,0.001953,0,0,0,0,0,0.005859,0,0.006836,0.025391,0,0,0.003906,0.014648,0,0.11231,0,0.27246,0,0
Populus Adenopoda,0,0,0,0,0,0,0,0,0,0,0.063477,0,0,0,0.43359,0,0.006836,0,0,0,0,0,0,0.001953,0,0.011719,0,0,0.006836,0,0.003906,0,0,0,0,0,0.001953,0,0,0,0,0,0,0,0,0,0,0,0,0.001953,0.070312,0,0.000977,0,0,0.012695,0,0.02832,0,0.26465,0,0.09082,0,0
Populus Adenopoda,0,0,0,0,0,0,0,0,0,0,0.035156,0,0,0,0.57129,0,0.000977,0,0,0,0,0,0,0,0,0,0,0,0.00293,0,0,0,0,0,0,0,0,0,0,0,0,0,0,0,0,0,0,0,0,0.000977,0.029297,0,0,0,0,0,0,0.011719,0,0.31348,0,0.03418,0,0
Populus Adenopoda,0,0,0,0,0,0,0,0,0.003906,0,0.030273,0,0,0,0.69922,0,0,0,0,0,0,0.007812,0,0,0,0,0,0,0.000977,0,0.001953,0.00293,0,0,0,0,0,0,0,0,0,0,0,0,0,0,0,0,0.000977,0.009766,0.16016,0,0,0,0,0.057617,0,0.004883,0,0.008789,0,0.010742,0,0
Populus Adenopoda,0,0,0,0,0,0,0,0,0,0,0.074219,0,0,0,0.66992,0,0,0,0,0,0,0.004883,0,0,0,0.001953,0,0,0,0,0,0,0,0,0,0,0,0,0,0,0,0,0,0,0,0,0,0,0,0.004883,0.094727,0,0,0,0,0.005859,0,0.006836,0,0.083008,0,0.053711,0,0
Populus Adenopoda,0,0,0,0,0,0,0,0,0,0,0.046875,0,0,0,0.61914,0,0,0,0,0,0,0,0,0,0,0,0,0,0,0,0,0,0,0,0,0,0,0,0,0,0,0,0,0,0,0,0,0,0.000977,0.000977,0.2168,0,0,0,0,0.082031,0,0.004883,0,0.011719,0,0.016602,0,0
Populus Adenopoda,0,0,0,0,0,0,0,0,0.00293,0,0.02832,0,0,0,0.75879,0,0.00293,0,0,0,0,0,0,0,0,0,0,0,0.001953,0,0,0.001953,0,0,0,0,0,0,0,0,0,0,0,0,0,0,0,0,0.001953,0.009766,0.1084,0,0,0,0,0.018555,0,0.016602,0,0.040039,0,0.007812,0,0
Tilia Platyphyllos,0.008789,0.006836,0.011719,0.021484,0.011719,0.012695,0.011719,0.03125,0.016602,0.005859,0.046875,0,0.015625,0.027344,0,0,0,0,0.022461,0.017578,0,0.094727,0.005859,0.02832,0.010742,0.007812,0.004883,0.003906,0.044922,0.008789,0.025391,0,0.000977,0.003906,0.011719,0,0.000977,0.021484,0.023438,0.020508,0.001953,0.00293,0.019531,0.013672,0.004883,0.019531,0.047852,0.005859,0.022461,0.091797,0.013672,0.008789,0.014648,0.020508,0.001953,0,0.000977,0.009766,0.048828,0.001953,0,0.012695,0.015625,0.033203
Tilia Platyphyllos,0.018555,0.00293,0.012695,0.011719,0.000977,0.000977,0.044922,0.017578,0.001953,0.005859,0.044922,0,0.007812,0.006836,0,0.003906,0.000977,0.001953,0.017578,0.014648,0,0.061523,0.001953,0.000977,0.016602,0.016602,0.004883,0.008789,0.036133,0.013672,0.038086,0.033203,0.000977,0.006836,0.005859,0.004883,0,0.053711,0.027344,0.025391,0.001953,0.004883,0.022461,0.005859,0.006836,0.018555,0.048828,0.000977,0.009766,0.038086,0.053711,0.007812,0.007812,0.021484,0.000977,0.019531,0.018555,0.006836,0.02832,0,0,0.053711,0.011719,0.037109
Tilia Platyphyllos,0.004883,0.000977,0.015625,0.003906,0,0,0.030273,0.004883,0.003906,0,0.066406,0,0.004883,0.014648,0,0,0,0.003906,0.015625,0.011719,0,0.038086,0.00293,0.000977,0.023438,0.010742,0.000977,0.017578,0.025391,0.001953,0.015625,0.03418,0,0,0.005859,0,0,0.03418,0.016602,0.010742,0,0.000977,0.011719,0,0.018555,0.008789,0.06543,0,0.013672,0.026367,0.10938,0.022461,0.007812,0.033203,0,0.050781,0.09668,0.008789,0.032227,0,0,0.030273,0,0.041992
Tilia Platyphyllos,0.009766,0.013672,0.029297,0.005859,0.020508,0.00293,0.041016,0.024414,0.00293,0.001953,0.045898,0,0.010742,0.010742,0,0,0.000977,0.021484,0.023438,0.027344,0,0.026367,0.004883,0.000977,0.003906,0.033203,0,0.053711,0.023438,0.013672,0.017578,0.043945,0,0.006836,0.022461,0.000977,0.00293,0.039062,0.003906,0.006836,0,0.003906,0.004883,0,0.009766,0.049805,0.027344,0.000977,0.020508,0.025391,0.044922,0.021484,0.015625,0.026367,0.004883,0.014648,0.020508,0.005859,0.027344,0.001953,0,0.044922,0.006836,0.024414
Tilia Platyphyllos,0.008789,0.005859,0.013672,0.011719,0,0.001953,0.030273,0.006836,0.003906,0.005859,0.072266,0,0.00293,0.020508,0,0,0.001953,0,0.022461,0.022461,0,0.092773,0.005859,0.004883,0.03125,0.012695,0,0.004883,0.027344,0.009766,0.014648,0.037109,0,0.000977,0.010742,0,0,0.022461,0.02832,0.03418,0,0.00293,0.012695,0,0.019531,0.00293,0.042969,0,0.019531,0.02832,0.067383,0.006836,0.011719,0.029297,0,0.021484,0.029297,0.014648,0.037109,0,0,0.033203,0.00293,0.047852
Tilia Platyphyllos,0.011719,0.00293,0.010742,0.005859,0.005859,0.010742,0.03125,0.021484,0.012695,0.000977,0.085938,0,0.011719,0.020508,0,0,0.000977,0.003906,0.015625,0.021484,0,0.057617,0.001953,0,0.003906,0.024414,0.012695,0.024414,0.03418,0.009766,0.02832,0.004883,0,0.018555,0.011719,0,0,0.056641,0.008789,0.005859,0,0,0.008789,0.018555,0.003906,0.050781,0.044922,0.00293,0.010742,0.041016,0.027344,0.004883,0.004883,0.042969,0.013672,0.004883,0.013672,0.00293,0.022461,0,0,0.048828,0.017578,0.036133
Tilia Platyphyllos,0.013672,0.006836,0.021484,0.001953,0.000977,0.003906,0.033203,0.020508,0.006836,0,0.063477,0,0.004883,0.022461,0,0,0.00293,0.000977,0.010742,0.024414,0,0.060547,0.00293,0,0.013672,0.010742,0.000977,0.037109,0.038086,0.018555,0.026367,0.013672,0,0.008789,0.010742,0,0,0.054688,0.010742,0.004883,0,0.000977,0.008789,0.00293,0.008789,0.030273,0.054688,0.000977,0.010742,0.039062,0.056641,0.008789,0.001953,0.026367,0,0.006836,0.036133,0.009766,0.021484,0,0,0.045898,0.001953,0.075195
Tilia Platyphyllos,0.006836,0.008789,0.030273,0.001953,0.023438,0.003906,0.014648,0.038086,0.008789,0.000977,0.060547,0,0.010742,0.030273,0,0,0.003906,0.00293,0.00293,0.033203,0,0.058594,0.004883,0,0.006836,0.00293,0.004883,0.03418,0.041992,0.014648,0.023438,0.02832,0,0.007812,0.020508,0.001953,0,0.055664,0.016602,0.000977,0.000977,0.006836,0.008789,0.006836,0.00293,0.057617,0.042969,0.011719,0.016602,0.050781,0.039062,0.009766,0.000977,0.023438,0,0.005859,0.006836,0.004883,0.029297,0,0,0.015625,0.012695,0.039062
Tilia Platyphyllos,0.027344,0.004883,0.009766,0.017578,0.001953,0,0.012695,0.016602,0.003906,0,0.10449,0,0,0.008789,0.007812,0,0,0,0.013672,0.017578,0,0.058594,0.009766,0.018555,0.022461,0.026367,0.009766,0.003906,0.029297,0.003906,0.040039,0.004883,0.000977,0.005859,0.003906,0,0.000977,0.025391,0.013672,0.007812,0.000977,0.000977,0.009766,0.009766,0.00293,0.003906,0.03418,0.000977,0.014648,0.039062,0.11426,0.00293,0.017578,0.027344,0,0.026367,0.007812,0.035156,0.030273,0,0,0.060547,0,0.027344
Tilia Platyphyllos,0.00293,0.007812,0.03125,0.011719,0.005859,0.007812,0.003906,0.030273,0.020508,0.005859,0.042969,0,0.005859,0.035156,0.00293,0,0.000977,0.000977,0.010742,0.029297,0,0.099609,0,0.017578,0.010742,0.014648,0.001953,0.004883,0.037109,0.017578,0.023438,0.021484,0.00293,0.005859,0.017578,0,0.000977,0.02832,0.015625,0.025391,0.00293,0.001953,0.015625,0.001953,0.005859,0.030273,0.029297,0.00293,0.023438,0.0625,0.045898,0.009766,0.015625,0.008789,0.007812,0.003906,0.00293,0.010742,0.046875,0.000977,0,0.018555,0.008789,0.040039
Tilia Platyphyllos,0.001953,0.006836,0.036133,0.004883,0.011719,0,0.011719,0.039062,0.013672,0.00293,0.073242,0,0.011719,0.03125,0,0,0,0.000977,0.005859,0.032227,0,0.071289,0.00293,0.000977,0.009766,0.004883,0.005859,0.007812,0.051758,0.012695,0.022461,0.012695,0,0.007812,0.011719,0,0.000977,0.035156,0.003906,0.008789,0.00293,0.004883,0.015625,0.015625,0.001953,0.049805,0.039062,0.015625,0.018555,0.067383,0.058594,0.014648,0.001953,0.021484,0.004883,0.009766,0.000977,0.004883,0.043945,0,0,0.017578,0.005859,0.02832
Tilia Platyphyllos,0.007812,0.003906,0.013672,0.007812,0.001953,0.003906,0.018555,0.023438,0.013672,0.005859,0.053711,0,0.001953,0.020508,0,0,0.006836,0,0.012695,0.027344,0,0.09082,0.003906,0.00293,0.030273,0.000977,0.005859,0.00293,0.043945,0.014648,0.017578,0.013672,0,0.001953,0.008789,0,0,0.022461,0.030273,0.018555,0.001953,0,0.03125,0.009766,0.00293,0.010742,0.071289,0.000977,0.024414,0.073242,0.054688,0,0.012695,0.026367,0,0.018555,0.006836,0.008789,0.036133,0,0,0.007812,0.005859,0.0625
Tilia Platyphyllos,0.015625,0.006836,0.011719,0.016602,0.000977,0,0.010742,0.013672,0.021484,0.035156,0.035156,0,0.00293,0.038086,0,0,0.001953,0,0.008789,0.033203,0,0.12402,0.001953,0,0.014648,0,0.004883,0.004883,0.030273,0.013672,0.020508,0.023438,0.000977,0.006836,0.011719,0,0,0.011719,0.038086,0.010742,0.005859,0.000977,0.019531,0.011719,0.00293,0.024414,0.054688,0,0.018555,0.042969,0.045898,0.021484,0.006836,0.016602,0,0.012695,0.004883,0.003906,0.055664,0,0,0.001953,0.000977,0.076172
Tilia Platyphyllos,0,0.009766,0.000977,0.037109,0.001953,0.000977,0.003906,0.005859,0.03418,0.00293,0.081055,0,0.003906,0.017578,0.001953,0,0.003906,0.000977,0.026367,0.013672,0,0.047852,0.003906,0.057617,0.017578,0.053711,0.000977,0,0.047852,0.013672,0.035156,0,0.012695,0,0.006836,0,0.015625,0.007812,0.004883,0.017578,0.001953,0,0.006836,0,0.00293,0.001953,0.017578,0,0.014648,0.063477,0.057617,0,0.066406,0.023438,0,0.005859,0,0.054688,0.041992,0.003906,0,0.038086,0,0.007812
Tilia Platyphyllos,0.000977,0.003906,0.014648,0.025391,0.005859,0.00293,0.016602,0.023438,0.024414,0.000977,0.049805,0,0.004883,0.035156,0,0,0.00293,0.003906,0.007812,0.020508,0,0.066406,0.008789,0.018555,0.023438,0.015625,0.005859,0.017578,0.041016,0.019531,0.045898,0.020508,0.007812,0.006836,0.011719,0,0.004883,0.027344,0.019531,0.011719,0,0.000977,0.016602,0.001953,0.005859,0.035156,0.040039,0,0.02832,0.048828,0.039062,0.00293,0.008789,0.026367,0.00293,0.013672,0.011719,0.017578,0.039062,0,0,0.020508,0.003906,0.018555
Tilia Platyphyllos,0.010742,0.004883,0.008789,0.003906,0.023438,0,0.021484,0.026367,0.012695,0.00293,0.09668,0,0,0.025391,0,0,0.00293,0.001953,0.017578,0.022461,0,0.057617,0.008789,0.003906,0.001953,0.020508,0.007812,0.004883,0.048828,0.006836,0.045898,0,0.000977,0.038086,0.011719,0,0.00293,0.056641,0.00293,0.001953,0,0,0.010742,0.017578,0.006836,0.071289,0.042969,0.007812,0.009766,0.041016,0.040039,0.001953,0.008789,0.041016,0.008789,0.000977,0.011719,0.001953,0.023438,0,0,0.017578,0,0.03125